Goal,Specific,Measurable,Action-oriented,Relevant,Time-bound,
I want to be more productive at work.,No,Yes,Yes,Yes,No,
I want to get better at cooking.,No,No,Yes,Yes,No,
I want to exercise more regularly.,No,Yes,Yes,Yes,No,
I want to save money.,No,Yes,Yes,Yes,No,
I want to travel more.,No,No,Yes,Yes,No,
I want to learn a new hobby.,No,No,Yes,Yes,No,
I want to be happier.,No,No,Yes,Yes,No,
I want to be more successful.,No,No,Yes,Yes,No,
I want to learn a new skill.,No,No,Yes,Yes,No,
I want to be more organized.,No,No,Yes,Yes,No,
I want to complete a certification course in project management within the next 3 months.,Yes,Yes,Yes,Yes,Yes,
"I want to save $10,000 for a down payment on a house in the next year by budgeting and cutting down on unnecessary expenses.",Yes,Yes,Yes,Yes,Yes,
I want to run a half-marathon in under 2 hours within the next 6 months by following a structured training plan and improving my running speed.,Yes,Yes,Yes,Yes,Yes,
"I want to launch a new product in the market within the next 6 months by conducting market research, designing the product, and setting up a marketing campaign.",Yes,Yes,Yes,Yes,Yes,
I want to improve my language skills by taking a language course and practicing speaking with native speakers for at least 30 minutes every day for the next 3 months.,Yes,Yes,Yes,Yes,Yes,
I want to increase my website traffic by 50% in the next 3 months through search engine optimization (SEO) and content marketing strategies.,Yes,Yes,Yes,Yes,Yes,
"I want to reduce my monthly electricity usage by 20% within the next year by using energy-efficient appliances, turning off lights when not in use, and unplugging electronic devices when not in use.",Yes,Yes,Yes,Yes,Yes,
"I want to improve my customer satisfaction ratings by 10% within the next quarter by implementing a customer feedback system, addressing customer complaints promptly, and improving service quality.",Yes,Yes,Yes,Yes,Yes,
I want to complete a coding bootcamp and build a fully functional web application within the next 3 months by dedicating 20 hours per week to coding and learning.,Yes,Yes,Yes,Yes,Yes,
I want to establish a daily meditation practice by meditating for 15 minutes every morning and evening for the next 30 days.,Yes,Yes,Yes,Yes,Yes,
I want to expand my professional network by attending at least 3 networking events per month and connecting with at least 5 new professionals on LinkedIn every week for the next 6 months.,Yes,Yes,Yes,Yes,Yes,
I want to reduce my screen time by 1 hour per day and replace it with physical exercise for the next 30 days.,Yes,Yes,Yes,Yes,Yes,
"I want to complete a home renovation project by hiring a contractor, obtaining necessary permits, and completing all the renovations within the next 3 months.",Yes,Yes,Yes,Yes,Yes,
I want to learn a new musical instrument by taking private lessons and practicing for at least 30 minutes every day for the next 6 months.,Yes,Yes,Yes,Yes,Yes,
I want to launch a social media marketing campaign to increase brand awareness and engagement by scheduling daily posts and monitoring analytics for the next 2 months.,Yes,Yes,Yes,Yes,Yes,
I want to write a book by setting aside 1 hour every day for writing and completing a chapter every week for the next 6 months.,Yes,Yes,Yes,Yes,Yes,
I want to improve my public speaking skills by joining a Toastmasters club and delivering at least 10 speeches within the next 3 months.,Yes,Yes,Yes,Yes,Yes,
Complete a 5k race within the next 2 months by following a running training plan and participating in regular races,Yes,Yes,Yes,Yes,Yes,
Improve customer service response time by 25% within the next 3 months by implementing a ticket tracking system and additional training for support staff,Yes,Yes,Yes,Yes,Yes,
Increase social media followers by 1000 within the next 6 months by posting daily engaging content and running targeted ad campaigns,Yes,Yes,Yes,Yes,Yes,
Complete a professional certification course within the next year by dedicating 2 hours per day for studying and completing all required coursework,Yes,Yes,Yes,Yes,Yes,
"Reduce personal credit card debt by $5000 within the next 6 months by creating a budget, cutting unnecessary expenses, and making regular payments",Yes,Yes,Yes,Yes,Yes,
"Launch a podcast within the next 3 months by creating a content plan, recording episodes, and setting up hosting platforms",Yes,Yes,Yes,Yes,Yes,
"Improve time management skills by using a productivity app and setting specific daily, weekly, and monthly goals",Yes,Yes,Yes,Yes,No,
Learn a new dance style by taking weekly dance lessons and practicing for at least 30 minutes every day for the next 3 months,Yes,Yes,Yes,Yes,Yes,
Reduce daily sugar intake by 50% within the next month by replacing sugary snacks with healthier alternatives and monitoring food choices,Yes,Yes,Yes,Yes,Yes,
"Complete a home organization project within the next 2 weeks by decluttering, sorting, and organizing each room in the house",Yes,Yes,Yes,Yes,Yes,
"Increase website conversion rate by 10% within the next quarter by optimizing landing pages, improving user experience, and running A/B tests",Yes,Yes,Yes,Yes,Yes,
Improve leadership skills by attending a leadership training program and applying learned concepts in daily work tasks,Yes,Yes,Yes,Yes,No,
Improve communication skills by taking a public speaking course,Y,Yes,Yes,Yes,No,
Develop a daily exercise routine to improve fitness level,N,Yes,Yes,Yes,Yes,
Complete a professional certification within the next six months,Y,Yes,Yes,Yes,Yes,
Learn a new programming language within the next three months,N,Yes,Yes,Yes,Yes,
Launch a new online business within the next year,N,Yes,Yes,Yes,Yes,
Create and follow a monthly budget to save for a vacation,N,Yes,Yes,Yes,Yes,
Publish a research paper in a reputable journal within the next two years,Y,Yes,Yes,Yes,Yes,
Volunteer at a local charity for at least 5 hours per week for the next three months,N,Yes,Yes,Yes,Yes,
Complete a marathon race within the next six months,N,Yes,Yes,Yes,Yes,
Finish reading 12 books on personal development within the next year,N,Yes,Yes,Yes,Yes,
Start a blog and publish at least one post per week for the next six months,N,Yes,Yes,Yes,Yes,
Increase sales revenue by 20% in the next quarter through targeted marketing campaigns,Y,Yes,Yes,Yes,Yes,
Complete a home renovation project within the next three months,N,Yes,Yes,Yes,Yes,
Attend at least three industry conferences in the next year to expand professional network,Y,Yes,Yes,Yes,Yes,
Develop a new product prototype within the next six months,N,Yes,Yes,Yes,Yes,
Complete a coding bootcamp to learn a new programming language within the next three months,N,Yes,Yes,Yes,Yes,
Achieve a 10% increase in customer satisfaction scores within the next quarter,Y,Yes,Yes,Yes,Yes,
Complete a master's degree program within the next two years while working full-time,Y,Yes,Yes,Yes,Yes,
Develop a social media marketing strategy and implement it within the next month,N,Yes,Yes,Yes,Yes,
Launch a new product line within the next year to diversify revenue streams,N,Yes,Yes,Yes,Yes,
Complete a DIY home improvement project within the next month,N,Yes,Yes,Yes,Yes,
Learn a new musical instrument within the next six months,N,Yes,Yes,Yes,Yes,
Implement a daily mindfulness practice to reduce stress and improve well-being,Y,Yes,Yes,Yes,Yes,
Complete a leadership training program within the next year to advance career,Y,Yes,Yes,Yes,Yes,
Develop and launch a mobile app within the next six months,N,Yes,Yes,Yes,Yes,
Complete a personal finance course to improve financial literacy within the next month,N,Yes,Yes,Yes,Yes,
Increase customer engagement through social media interactions,N,N,Yes,Yes,N,
Enhance team collaboration and communication through regular meetings,N,N,Yes,Yes,N,
Develop innovative ideas for product improvement through brainstorming sessions,N,N,Yes,Yes,N,
Implement a new employee recognition program to boost employee morale,N,N,Yes,Yes,N,
Strengthen vendor partnerships through regular communication and feedback,N,N,Yes,Yes,N,
Improve customer service skills through ongoing training and development,N,N,Yes,Yes,N,
Streamline internal processes to improve operational efficiency,N,N,Yes,Yes,N,
Foster a positive team culture through team-building activities and events,N,N,Yes,Yes,N,
Increase brand awareness through community involvement and sponsorships,N,N,Yes,Yes,N,
Implement environmentally-friendly initiatives to reduce carbon footprint,N,N,Yes,Yes,N,
Enhance product packaging to align with sustainability initiatives,N,N,Yes,Yes,N,
Develop strategic partnerships to expand business reach and offerings,N,N,Yes,Yes,N,
Improve employee satisfaction through regular feedback and recognition programs,N,N,Yes,Yes,N,
Enhance customer experience through personalized service and support,N,N,Yes,Yes,N,
Streamline supply chain processes to reduce costs and improve delivery times,N,N,Yes,Yes,N,
Implement a wellness program to promote employee health and well-being,N,N,Yes,Yes,N,
Strengthen company culture through diversity and inclusion initiatives,N,N,Yes,Yes,N,
Increase website traffic through search engine optimization (SEO) strategies,N,N,Yes,Yes,N,
Develop a referral program to incentivize customer referrals,N,N,Yes,Yes,N,
Improve product quality through rigorous quality control processes,N,N,Yes,Yes,N,
Enhance customer retention through targeted retention strategies,N,N,Yes,Yes,N,
Implement a customer feedback loop to capture customer insights,N,N,Yes,Yes,N,
Develop and implement a social media content plan to engage target audience,N,N,Yes,Yes,N,
Enhance brand positioning through effective branding and messaging,N,N,Yes,Yes,N,
Implement a customer loyalty program to improve customer retention,N,N,Yes,Yes,N,
Strengthen leadership skills through ongoing leadership development programs,N,N,Yes,Yes,N,
Develop and implement a comprehensive employee training program,N,N,Yes,Yes,N,
Enhance product packaging to improve visual appeal and shelf presence,N,N,Yes,Yes,N,
Implement a data-driven decision-making process for strategic planning,N,N,Yes,Yes,N,
Launch a new product by the end of Q2,N,N,Yes,Yes,Yes,
Conduct market research for a new target market by next month,N,N,Yes,Yes,Yes,
Increase website traffic by 20% by the end of the quarter,N,Yes,Yes,Yes,Yes,
Secure five new partnerships within the next two weeks,N,N,Yes,Yes,Yes,
Organize a fundraising event for a local charity by the end of the month,N,N,Yes,Yes,Yes,
Implement a new customer feedback system by next week,N,N,Yes,Yes,Yes,
Launch a social media ad campaign during the holiday season,N,N,Yes,Yes,Yes,
Complete product testing phase by the end of the quarter,N,N,Yes,Yes,Yes,
Develop and deliver a sales training program by next month,N,N,Yes,Yes,Yes,
Redesign website homepage for better user experience by next week,N,N,Yes,Yes,Yes,
Launch a customer loyalty program by the end of the month,N,N,Yes,Yes,Yes,
Implement a new project management software by next month,N,N,Yes,Yes,Yes,
Conduct employee performance reviews by the end of the quarter,N,N,Yes,Yes,Yes,
Organize a team-building offsite event by next month,N,N,Yes,Yes,Yes,
Launch a promotional campaign for a new product by the end of the week,N,N,Yes,Yes,Yes,
Complete the annual financial audit by the end of the month,N,N,Yes,Yes,Yes,
Organize a product launch event by the end of the quarter,N,N,Yes,Yes,Yes,
Launch a referral program for existing customers by next week,N,N,Yes,Yes,Yes,
Complete the development of a new mobile app by the end of the month,N,N,Yes,Yes,Yes,
Implement a new CRM system by the end of the quarter,N,N,Yes,Yes,Yes,
Launch a digital marketing campaign for a new product by next month,N,N,Yes,Yes,Yes,
Complete the hiring process for a new team member by next week,N,N,Yes,Yes,Yes,
Organize a product training workshop for employees by the end of the month,N,N,Yes,Yes,Yes,
Launch a customer satisfaction survey by the end of the quarter,N,N,Yes,Yes,Yes,
Complete the redesign of company logo by next week,N,N,Yes,Yes,Yes,
Develop and implement a new onboarding program for new hires by next month,N,N,Yes,Yes,Yes,
Launch a social media contest by the end of the week,N,N,Yes,Yes,Yes,
Complete the restructuring of the organization by the end of the quarter,N,N,Yes,Yes,Yes,
Implement a new employee recognition program by next month,N,N,Yes,Yes,Yes,
Increase customer satisfaction through improved customer service,Yes,N,Yes,Yes,N,
Develop new partnerships to expand business reach,Yes,N,Yes,Yes,N,
Enhance employee training and development programs,Yes,N,Yes,Yes,N,
Improve internal communication and collaboration processes,Yes,N,Yes,Yes,N,
Streamline workflow processes to improve efficiency,Yes,N,Yes,Yes,N,
Enhance product quality through quality control measures,Yes,N,Yes,Yes,N,
Develop a comprehensive marketing strategy for a new market segment,Yes,N,Yes,Yes,N,
Enhance company branding and messaging for better market positioning,Yes,N,Yes,Yes,N,
Implement cost-saving measures to improve profitability,Yes,N,Yes,Yes,N,
Enhance company culture and employee engagement initiatives,Yes,N,Yes,Yes,N,
Develop and implement a sustainability strategy for the organization,Yes,N,Yes,Yes,N,
Enhance online presence through website redesign and SEO optimization,Yes,N,Yes,Yes,N,
Improve customer retention through personalized marketing campaigns,Yes,N,Yes,Yes,N,
Develop a comprehensive employee wellness program,Yes,N,Yes,Yes,N,
Enhance product packaging for better customer appeal,Yes,N,Yes,Yes,N,
Improve supplier management processes for better vendor relationships,Yes,N,Yes,Yes,N,
Develop a comprehensive crisis management plan,Yes,N,Yes,Yes,N,
Enhance customer engagement through social media marketing,Yes,N,Yes,Yes,N,
Implement a remote work policy for improved work-life balance,Yes,N,Yes,Yes,N,
Enhance customer support processes for faster response times,Yes,N,Yes,Yes,N,
Develop and implement a diversity and inclusion program,Yes,N,Yes,Yes,N,
Enhance product packaging for eco-friendly materials,Yes,N,Yes,Yes,N,
Improve employee onboarding processes for smoother integration,Yes,N,Yes,Yes,N,
Develop a comprehensive training program for new hires,Yes,N,Yes,Yes,N,
Enhance customer feedback collection and analysis processes,Yes,N,Yes,Yes,N,
Develop and implement a mentorship program for employees,Yes,N,Yes,Yes,N,
Enhance product testing and quality assurance processes,Yes,N,Yes,Yes,N,
Develop and implement a corporate social responsibility (CSR) program,Yes,N,Yes,Yes,N,
Enhance company-wide communication and transparency initiatives,Yes,N,Yes,Yes,N,
Launch a new product line within the next quarter,Yes,N,Yes,Yes,Yes,
Complete a leadership development program by the end of the fiscal year,Yes,N,Yes,Yes,Yes,
Achieve a significant improvement in customer satisfaction within the next six months,Yes,N,Yes,Yes,Yes,
Implement a new employee onboarding process by the end of the next month,Yes,N,Yes,Yes,Yes,
Develop and execute a marketing plan for the upcoming holiday season,Yes,N,Yes,Yes,Yes,
Launch a new corporate social responsibility (CSR) initiative by the end of the current year,Yes,N,Yes,Yes,Yes,
Complete a product research project within the next three months,Yes,N,Yes,Yes,Yes,
Achieve a successful launch of a new internal communication platform by the end of the next quarter,Yes,N,Yes,Yes,Yes,
Implement a new team collaboration tool by the end of the next month,Yes,N,Yes,Yes,Yes,
Develop and execute a company-wide health and wellness program within the next year,Yes,N,Yes,Yes,Yes,
Launch a new employee recognition program by the end of the current quarter,Yes,N,Yes,Yes,Yes,
Complete a market analysis for a new business opportunity within the next two months,Yes,N,Yes,Yes,Yes,
Achieve a successful rebranding effort by the end of the current year,Yes,N,Yes,Yes,Yes,
Implement a new customer feedback system by the end of the next quarter,Yes,N,Yes,Yes,Yes,
Develop and execute a comprehensive training program for new hires within the next year,Yes,N,Yes,Yes,Yes,
Launch a new marketing campaign for a product launch by the end of the current quarter,Yes,N,Yes,Yes,Yes,
Complete a competitive analysis for a new market entry within the next month,Yes,N,Yes,Yes,Yes,here
Increase website conversion rate by 10% through A/B testing,No,Yes,Yes,Yes,No,
Improve customer retention by 15% through personalized loyalty programs,No,Yes,Yes,Yes,No,
Enhance employee skills by conducting 10 targeted training programs,No,Yes,Yes,Yes,No,
"Increase brand awareness by reaching 500,000 impressions through influencer partnerships",No,Yes,Yes,Yes,No,
"Increase monthly revenue by $50,000 through upselling and cross-selling strategies",No,Yes,Yes,Yes,No,
Reduce customer complaints by 20% through improved customer service processes,No,Yes,Yes,Yes,No,
Launch 5 new product features to improve customer satisfaction,No,Yes,Yes,Yes,No,
Implement 3 cost-saving initiatives to reduce operational expenses by 10%,No,Yes,Yes,Yes,No,
Increase social media engagement by 25% through targeted content strategies,No,Yes,Yes,Yes,No,
Optimize website loading speed to achieve a 3-second or less page load time,No,Yes,Yes,Yes,No,
Develop and implement a referral program to generate 100 new customer referrals,No,Yes,Yes,Yes,No,
Increase email open rates by 15% through improved email marketing campaigns,No,Yes,Yes,Yes,No,
Launch a customer feedback program to collect feedback from 500 customers,No,Yes,Yes,Yes,No,
Improve product quality by reducing defect rates by 10% through quality control measures,No,Yes,Yes,Yes,No,
Increase online sales by 20% through targeted digital marketing campaigns,No,Yes,Yes,Yes,No,
Implement a customer loyalty program to increase repeat purchase rate by 15%,No,Yes,Yes,Yes,No,
Launch a referral program to acquire 100 new customers through word-of-mouth marketing,No,Yes,Yes,Yes,No,
Improve website SEO to achieve a ranking of top 3 in targeted keywords,No,Yes,Yes,Yes,No,
Implement a customer satisfaction survey to collect feedback from 1000 customers,No,Yes,Yes,Yes,No,
Increase website traffic by 30% through content marketing and SEO strategies,No,Yes,Yes,Yes,No,
Develop and launch a new product within 6 months to meet customer demand,No,Yes,Yes,Yes,No,
"Implement a social media advertising campaign to reach 100,000 impressions",No,Yes,Yes,Yes,No,
Improve product packaging to reduce returns by 15% through customer feedback,No,Yes,Yes,Yes,No,
Increase customer lifetime value by 20% through upselling and cross-selling strategies,No,Yes,Yes,Yes,No,
Launch a customer referral program to generate 50 new referrals within 3 months,No,Yes,Yes,Yes,No,
Implement a customer retention program to reduce customer churn rate by 10%,No,Yes,Yes,Yes,No,
Improve order fulfillment time by 20% through process optimization,No,Yes,Yes,Yes,No,
Increase website traffic by 20%,N,Y,N,Y,N,
Achieve 90% customer satisfaction rating,N,Y,N,Y,N,
Reduce customer wait time by 50%,N,Y,N,Y,N,
Launch a new product line with at least 500 units sold in the first month,N,Y,N,Y,N,
Implement a cost-saving initiative to reduce expenses by 10%,N,Y,N,Y,N,
Improve employee training programs to increase productivity by 15%,N,Y,N,Y,N,
Enhance social media presence with a 25% increase in followers,N,Y,N,Y,N,
Develop and implement a customer loyalty program with at least 500 sign-ups,N,Y,N,Y,N,
Optimize supply chain processes to reduce lead times by 20%,N,Y,N,Y,N,
Streamline order processing to reduce fulfillment time by 25%,N,Y,N,Y,N,
Improve product quality to reduce returns by 15%,N,Y,N,Y,N,
Implement a feedback system to gather customer insights for product improvement,N,Y,N,Y,N,
Launch a referral program to generate 100 new customer referrals,N,Y,N,Y,N,
Increase average transaction value by 20% through upselling and cross-selling strategies,N,Y,N,Y,N,
Expand distribution network to reach 50 new retail locations,N,Y,N,Y,N,
Develop and implement a content marketing strategy to drive organic website traffic,N,Y,N,Y,N,
Optimize pricing strategy to improve profit margins by 5%,N,Y,N,Y,N,
Launch a customer retention program to reduce customer churn by 15%,N,Y,N,Y,N,
Implement a performance appraisal system to improve employee productivity,N,Y,N,Y,N,
Develop and launch a new product feature based on market research,N,Y,N,Y,N,
Enhance customer service response time to reduce customer complaints by 20%,N,Y,N,Y,N,
Improve order fulfillment accuracy to achieve 99% accuracy rate,N,Y,N,Y,N,
Launch a social media advertising campaign to increase brand awareness,N,Y,N,Y,N,
Implement a customer feedback survey to gather insights for product improvement,N,Y,N,Y,N,
Optimize inventory management to reduce stockouts by 25%,N,Y,N,Y,N,
Develop and implement a referral program for existing customers,N,Y,N,Y,N,
Improve order tracking and visibility to reduce customer inquiries by 30%,N,Y,N,Y,N,
Increase revenue by 10% in the next quarter,N,Y,N,Y,Y,
Achieve a customer retention rate of 80% in the next year,N,Y,N,Y,Y,
Reduce customer complaints by 25% in the next six months,N,Y,N,Y,Y,
Increase website conversion rate by 15% in the next month,N,Y,N,Y,Y,
Achieve a customer satisfaction score of 4.8 out of 5 in the next quarter,N,Y,N,Y,Y,
Increase social media followers by 500 in the next month,N,Y,N,Y,Y,
Launch a new product with 1000 units sold in the first week,N,Y,N,Y,Y,
Achieve a net promoter score (NPS) of 9 or above in the next survey,N,Y,N,Y,Y,
Increase email open rate to 20% through improved subject lines and content,N,Y,N,Y,Y,
Achieve a 10% increase in website traffic in the next three months,N,Y,N,Y,Y,
Increase average transaction value by 10% in the next quarter,N,Y,N,Y,Y,
Achieve a 20% increase in online sales in the next six months,N,Y,N,Y,Y,
Reduce customer churn rate to below 5% in the next year,N,Y,N,Y,Y,
Achieve a 30% increase in social media engagement in the next month,N,Y,N,Y,Y,
Increase repeat customer purchases by 15% in the next quarter,N,Y,N,Y,Y,
Achieve a 25% increase in referral program participation in the next two months,N,Y,N,Y,Y,
Reduce website bounce rate to below 20% in the next three months,N,Y,N,Y,Y,
Achieve a click-through rate (CTR) of 8% in the next email marketing campaign,N,Y,N,Y,Y,
Achieve a 20% increase in customer lifetime value (CLTV) in the next three months,N,Y,N,Y,Y,
Expand market share in a new geographic region by end of Q3 2023,N,N,N,Y,Y,
Increase customer retention rate by end of Q4 2023,N,N,N,Y,Y,
Launch a seasonal promotion to drive sales during peak holiday season by end of Q4 2023,N,N,N,Y,Y,
Improve customer satisfaction ratings by end of Q2 2023,N,N,N,Y,Y,
Develop strategic partnerships with three key industry players by end of Q3 2023,N,N,N,Y,Y,
Launch a customer referral program to drive new customer acquisitions by end of Q1 2023,N,N,N,Y,Y,
Implement a comprehensive email marketing campaign to re-engage dormant customers by end of Q2 2023,N,N,N,Y,Y,
Optimize website performance to reduce bounce rate by end of Q3 2023,N,N,N,Y,Y,
Conduct market research to identify new product opportunities by end of Q1 2023,N,N,N,Y,Y,
Increase online sales through targeted digital marketing by end of Q2 2023,N,N,N,Y,Y,
Launch a new product line by end of Q4 2023,N,N,N,Y,Y,
Enhance customer support services by implementing a live chat feature by end of Q3 2023,N,N,N,Y,Y,
Optimize social media presence by increasing engagement by end of Q2 2023,N,N,N,Y,Y,
Develop a content marketing strategy to improve brand awareness by end of Q2 2023,N,N,N,Y,Y,
Implement a performance appraisal system for employees by end of Q1 2023,N,N,N,Y,Y,
Enhance product packaging to reduce damage during transit by end of Q3 2023,N,N,N,Y,Y,
Launch a customer loyalty program by end of Q4 2023,N,N,N,Y,Y,
Conduct employee training sessions on customer service skills by end of Q2 2023,N,N,N,Y,Y,
Improve website load time to under 3 seconds by end of Q1 2023,N,N,N,Y,Y,
Launch a targeted email campaign to upsell/cross-sell to existing customers by end of Q3 2023,N,N,N,Y,Y,
Implement a customer feedback system to collect feedback and make improvements by end of Q2 2023,N,N,N,Y,Y,
Enhance packaging sustainability by using eco-friendly materials by end of Q3 2023,N,N,N,Y,Y,
Conduct a competitor analysis to identify market gaps by end of Q1 2023,N,N,N,Y,Y,
Launch a customer advocacy program to leverage customer testimonials by end of Q4 2023,N,N,N,Y,Y,
Conduct a market analysis,N,N,N,Y,N,
Review and update company's mission and vision statement,N,N,N,Y,N,
Conduct a customer satisfaction survey,N,N,N,Y,N,
Develop a corporate social responsibility (CSR) initiative,N,N,N,Y,N,
Conduct a SWOT analysis,N,N,N,Y,N,
Develop a vendor management process,N,N,N,Y,N,
Conduct a workforce analysis,N,N,N,Y,N,
Implement a knowledge management system,N,N,N,Y,N,
Review and update company's policies and procedures,N,N,N,Y,N,
Conduct a competitor analysis,N,N,N,Y,N,
Develop a contingency plan,N,N,N,Y,N,
Review and optimize company's supply chain management process,N,N,N,Y,N,
Conduct a skills gap analysis,N,N,N,Y,N,
Review and optimize company's organizational structure,N,N,N,Y,N,
Develop a diversity and inclusion strategy,N,N,N,Y,N,
Conduct a product portfolio analysis,N,N,N,Y,N,
Review and optimize company's communication strategy,N,N,N,Y,N,
Develop a talent acquisition strategy,N,N,N,Y,N,